{

	"metadata" :
	{
		"formatVersion" : 3.1,
		"generatedBy"   : "Blender 2.7 Exporter",
		"vertices"      : 4,
		"faces"         : 1,
		"normals"       : 1,
		"colors"        : 0,
		"uvs"           : [],
		"materials"     : 1,
		"morphTargets"  : 0,
		"bones"         : 0
	},

	"scale" : 1.000000,

	"materials" : [	{
		"DbgColor" : 15658734,
		"DbgIndex" : 0,
		"DbgName" : "Cork",
		"blending" : "NormalBlending",
		"colorAmbient" : [0.9372549057006836, 0.7529411911964417, 0.572549045085907],
		"colorDiffuse" : [0.9372549057006836, 0.7529411911964417, 0.572549045085907],
		"colorEmissive" : [0.0, 0.0, 0.0],
		"colorSpecular" : [1.0, 1.0, 1.0],
		"depthTest" : true,
		"depthWrite" : true,
		"shading" : "Lambert",
		"specularCoef" : 127,
		"transparency" : 1.0,
		"transparent" : false,
		"vertexColors" : false
	}],

	"vertices" : [-41.9214,1.63804e-06,37.474,41.9214,1.63804e-06,37.474,-41.9214,-1.63804e-06,-37.474,41.9214,-1.63804e-06,-37.474],

	"morphTargets" : [],

	"normals" : [0,-1,0],

	"colors" : [],

	"uvs" : [],

	"faces" : [35,1,0,2,3,0,0,0,0,0],

	"bones" : [],

	"skinIndices" : [],

	"skinWeights" : [],

  "animations" : []


}
