{

	"metadata" :
	{
		"formatVersion" : 3.1,
		"generatedBy"   : "Blender 2.7 Exporter",
		"vertices"      : 128,
		"faces"         : 96,
		"normals"       : 8,
		"colors"        : 0,
		"uvs"           : [],
		"materials"     : 1,
		"morphTargets"  : 0,
		"bones"         : 0
	},

	"scale" : 1.000000,

	"materials" : [	{
		"DbgColor" : 15658734,
		"DbgIndex" : 0,
		"DbgName" : "Shiny Metal",
		"blending" : "NormalBlending",
		"colorAmbient" : [0.21000000476837144, 0.21000000476837144, 0.21000000476837144],
		"colorDiffuse" : [0.21000000476837144, 0.21000000476837144, 0.21000000476837144],
		"colorEmissive" : [0.0, 0.0, 0.0],
		"colorSpecular" : [1.0, 1.0, 1.0],
		"depthTest" : true,
		"depthWrite" : true,
		"shading" : "Lambert",
		"specularCoef" : 359,
		"transparency" : 1.0,
		"transparent" : false,
		"vertexColors" : false
	}],

	"vertices" : [0.0428262,2.42443,-0.281587,-0.0484289,2.42443,-0.281587,0.0428262,2.42443,0.223296,-0.0484289,2.42443,0.223296,0.0428262,2.23688,-0.281587,-0.0484289,2.23688,-0.281587,0.0428262,2.23688,0.223296,-0.0484289,2.23688,0.223296,0.0428262,1.86508,-0.281587,-0.0484289,1.86508,-0.281587,0.0428262,1.86508,0.223296,-0.0484289,1.86508,0.223296,0.0428262,2.05263,-0.281587,-0.0484289,2.05263,-0.281587,0.0428262,2.05263,0.223296,-0.0484289,2.05263,0.223296,0.0428262,1.68083,-0.281587,-0.0484289,1.68083,-0.281587,0.0428262,1.68083,0.223296,-0.0484289,1.68083,0.223296,0.0428262,1.49328,-0.281587,-0.0484289,1.49328,-0.281587,0.0428262,1.49328,0.223296,-0.0484289,1.49328,0.223296,0.0428262,1.12148,-0.281587,-0.0484289,1.12148,-0.281587,0.0428262,1.12148,0.223296,-0.0484289,1.12148,0.223296,0.0428262,1.30903,-0.281587,-0.0484289,1.30903,-0.281587,0.0428262,1.30903,0.223296,-0.0484289,1.30903,0.223296,0.0428262,0.93723,-0.281587,-0.0484289,0.93723,-0.281587,0.0428262,0.93723,0.223297,-0.0484289,0.93723,0.223297,0.0428262,0.749682,-0.281587,-0.0484289,0.749682,-0.281587,0.0428262,0.749682,0.223297,-0.0484289,0.749682,0.223297,0.0428262,0.377882,-0.281587,-0.0484289,0.377882,-0.281587,0.0428262,0.377882,0.223297,-0.0484289,0.377882,0.223297,0.0428262,0.56543,-0.281587,-0.0484289,0.56543,-0.281587,0.0428262,0.56543,0.223296,-0.0484289,0.56543,0.223296,0.0428262,0.19363,-0.281587,-0.0484289,0.19363,-0.281587,0.0428262,0.19363,0.223296,-0.0484289,0.19363,0.223296,0.0428262,0.00608182,-0.281587,-0.0484289,0.00608182,-0.281587,0.0428262,0.00608194,0.223296,-0.0484289,0.00608194,0.223296,-0.0492125,0.00170124,0.224492,0.0436307,0.00170124,0.224492,-0.0492125,2.42322,0.224492,0.0436307,2.42322,0.224492,-0.0492125,0.00170112,-0.277746,0.0436307,0.00170112,-0.277746,-0.0492125,2.42322,-0.277746,0.0436307,2.42322,-0.277746,0.0428262,2.42182,-0.281587,-0.0484289,2.42182,-0.281587,0.0428262,2.42182,0.223296,-0.0484289,2.42182,0.223296,0.0428262,2.23427,-0.281587,-0.0484289,2.23427,-0.281587,0.0428262,2.23427,0.223296,-0.0484289,2.23427,0.223296,0.0428262,1.86247,-0.281587,-0.0484289,1.86247,-0.281587,0.0428262,1.86247,0.223296,-0.0484289,1.86247,0.223296,0.0428262,2.05002,-0.281587,-0.0484289,2.05002,-0.281587,0.0428262,2.05002,0.223296,-0.0484289,2.05002,0.223296,0.0428262,1.67822,-0.281587,-0.0484289,1.67822,-0.281587,0.0428262,1.67822,0.223296,-0.0484289,1.67822,0.223296,0.0428262,1.49067,-0.281587,-0.0484289,1.49067,-0.281587,0.0428262,1.49067,0.223296,-0.0484289,1.49067,0.223296,0.0428262,1.11887,-0.281587,-0.0484289,1.11887,-0.281587,0.0428262,1.11887,0.223296,-0.0484289,1.11887,0.223296,0.0428262,1.30642,-0.281587,-0.0484289,1.30642,-0.281587,0.0428262,1.30642,0.223296,-0.0484289,1.30642,0.223296,0.0428262,0.934616,-0.281587,-0.0484289,0.934616,-0.281587,0.0428262,0.934616,0.223297,-0.0484289,0.934616,0.223297,0.0428262,0.747068,-0.281587,-0.0484289,0.747068,-0.281587,0.0428262,0.747068,0.223297,-0.0484289,0.747068,0.223297,0.0428262,0.375268,-0.281587,-0.0484289,0.375268,-0.281587,0.0428262,0.375268,0.223297,-0.0484289,0.375268,0.223297,0.0428262,0.562816,-0.281587,-0.0484289,0.562816,-0.281587,0.0428262,0.562816,0.223296,-0.0484289,0.562816,0.223296,0.0428262,0.191016,-0.281587,-0.0484289,0.191016,-0.281587,0.0428262,0.191016,0.223296,-0.0484289,0.191016,0.223296,0.0428262,0.00346768,-0.281587,-0.0484289,0.00346768,-0.281587,0.0428262,0.0034678,0.223296,-0.0484289,0.0034678,0.223296,-0.0492125,0.00170124,0.222333,0.0436307,0.00170124,0.222333,-0.0492125,2.42322,0.222333,0.0436307,2.42322,0.222333,-0.0492125,0.00170112,-0.279905,0.0436307,0.00170112,-0.279905,-0.0492125,2.42322,-0.279905,0.0436307,2.42322,-0.279905],

	"morphTargets" : [],

	"normals" : [0.577349,-0.577349,0.577349,-0.577349,-0.577349,0.577349,-0.577349,-0.577349,-0.577349,0.577349,-0.577349,-0.577349,-0.577349,0.577349,-0.577349,0.577349,0.577349,-0.577349,-0.577349,0.577349,0.577349,0.577349,0.577349,0.577349],

	"colors" : [],

	"uvs" : [],

	"faces" : [35,1,0,2,3,0,0,1,2,3,35,5,4,6,7,0,0,1,2,3,35,9,8,10,11,0,0,1,2,3,35,13,12,14,15,0,0,1,2,3,35,17,16,18,19,0,0,1,2,3,35,21,20,22,23,0,0,1,2,3,35,25,24,26,27,0,0,1,2,3,35,29,28,30,31,0,0,1,2,3,35,33,32,34,35,0,0,1,2,3,35,37,36,38,39,0,0,1,2,3,35,41,40,42,43,0,0,1,2,3,35,45,44,46,47,0,0,1,2,3,35,49,48,50,51,0,0,1,2,3,35,53,52,54,55,0,0,1,2,3,35,57,56,58,59,0,4,5,3,2,35,61,60,62,63,0,4,5,3,2,35,67,66,64,65,0,5,4,6,7,35,71,70,68,69,0,5,4,6,7,35,75,74,72,73,0,5,4,6,7,35,79,78,76,77,0,5,4,6,7,35,83,82,80,81,0,5,4,6,7,35,87,86,84,85,0,5,4,6,7,35,91,90,88,89,0,5,4,6,7,35,95,94,92,93,0,5,4,6,7,35,99,98,96,97,0,5,4,6,7,35,103,102,100,101,0,5,4,6,7,35,107,106,104,105,0,5,4,6,7,35,111,110,108,109,0,5,4,6,7,35,115,114,112,113,0,5,4,6,7,35,119,118,116,117,0,5,4,6,7,35,123,122,120,121,0,1,0,7,6,35,127,126,124,125,0,1,0,7,6,35,0,1,65,64,0,1,0,7,6,35,3,2,66,67,0,3,2,4,5,35,1,3,67,65,0,0,3,5,7,35,2,0,64,66,0,2,1,6,4,35,4,5,69,68,0,1,0,7,6,35,7,6,70,71,0,3,2,4,5,35,5,7,71,69,0,0,3,5,7,35,6,4,68,70,0,2,1,6,4,35,8,9,73,72,0,1,0,7,6,35,11,10,74,75,0,3,2,4,5,35,9,11,75,73,0,0,3,5,7,35,10,8,72,74,0,2,1,6,4,35,12,13,77,76,0,1,0,7,6,35,15,14,78,79,0,3,2,4,5,35,13,15,79,77,0,0,3,5,7,35,14,12,76,78,0,2,1,6,4,35,16,17,81,80,0,1,0,7,6,35,19,18,82,83,0,3,2,4,5,35,17,19,83,81,0,0,3,5,7,35,18,16,80,82,0,2,1,6,4,35,20,21,85,84,0,1,0,7,6,35,23,22,86,87,0,3,2,4,5,35,21,23,87,85,0,0,3,5,7,35,22,20,84,86,0,2,1,6,4,35,24,25,89,88,0,1,0,7,6,35,27,26,90,91,0,3,2,4,5,35,25,27,91,89,0,0,3,5,7,35,26,24,88,90,0,2,1,6,4,35,28,29,93,92,0,1,0,7,6,35,31,30,94,95,0,3,2,4,5,35,29,31,95,93,0,0,3,5,7,35,30,28,92,94,0,2,1,6,4,35,32,33,97,96,0,1,0,7,6,35,35,34,98,99,0,3,2,4,5,35,33,35,99,97,0,0,3,5,7,35,34,32,96,98,0,2,1,6,4,35,36,37,101,100,0,1,0,7,6,35,39,38,102,103,0,3,2,4,5,35,37,39,103,101,0,0,3,5,7,35,38,36,100,102,0,2,1,6,4,35,40,41,105,104,0,1,0,7,6,35,43,42,106,107,0,3,2,4,5,35,41,43,107,105,0,0,3,5,7,35,42,40,104,106,0,2,1,6,4,35,44,45,109,108,0,1,0,7,6,35,47,46,110,111,0,3,2,4,5,35,45,47,111,109,0,0,3,5,7,35,46,44,108,110,0,2,1,6,4,35,48,49,113,112,0,1,0,7,6,35,51,50,114,115,0,3,2,4,5,35,49,51,115,113,0,0,3,5,7,35,50,48,112,114,0,2,1,6,4,35,52,53,117,116,0,1,0,7,6,35,55,54,118,119,0,3,2,4,5,35,53,55,119,117,0,0,3,5,7,35,54,52,116,118,0,2,1,6,4,35,56,57,121,120,0,5,4,6,7,35,59,58,122,123,0,2,3,0,1,35,57,59,123,121,0,4,2,1,6,35,58,56,120,122,0,3,5,7,0,35,60,61,125,124,0,5,4,6,7,35,63,62,126,127,0,2,3,0,1,35,61,63,127,125,0,4,2,1,6,35,62,60,124,126,0,3,5,7,0],

	"bones" : [],

	"skinIndices" : [],

	"skinWeights" : [],

  "animations" : []


}
